{
	"info": {
		"_postman_id": "009661e4-b58f-4d30-8ee8-7250d12a7613",
		"name": "todo",
		"schema": "https://schema.getpostman.com/json/collection/v2.1.0/collection.json",
		"_exporter_id": "46136844",
		"_collection_link": "https://dimuhammad.postman.co/workspace/Dimuhammad's-Workspace~3ec3b865-6380-4f1a-8d81-c26fa60f99e6/collection/46136844-009661e4-b58f-4d30-8ee8-7250d12a7613?action=share&source=collection_link&creator=46136844"
	},
	"item": [
		{
			"name": "admins",
			"item": [
				{
					"name": "getAdmins",
					"request": {
						"method": "GET",
						"header": [],
						"url": {
							"raw": "localhost:2000/api/admin/",
							"host": [
								"localhost"
							],
							"port": "2000",
							"path": [
								"api",
								"admin",
								""
							]
						}
					},
					"response": []
				},
				{
					"name": "getByAdmin",
					"request": {
						"method": "GET",
						"header": [],
						"url": {
							"raw": "localhost:2000/api/admin/687e3261c64256738c26ce3d",
							"host": [
								"localhost"
							],
							"port": "2000",
							"path": [
								"api",
								"admin",
								"687e3261c64256738c26ce3d"
							]
						}
					},
					"response": []
				},
				{
					"name": "post admin",
					"request": {
						"method": "POST",
						"header": [],
						"body": {
							"mode": "raw",
							"raw": "{\n    \"userName\":\"Suhrob\",\n    \"email\":\"suhrob09@gmail.com\",\n    \"password\":\"suhrob09\"\n}",
							"options": {
								"raw": {
									"language": "json"
								}
							}
						},
						"url": {
							"raw": "localhost:2000/api/admin",
							"host": [
								"localhost"
							],
							"port": "2000",
							"path": [
								"api",
								"admin"
							]
						}
					},
					"response": []
				},
				{
					"name": "patchAdmin",
					"request": {
						"method": "PATCH",
						"header": [],
						"body": {
							"mode": "raw",
							"raw": "{\n    \"userName\":\"Suxrob\"\n}",
							"options": {
								"raw": {
									"language": "json"
								}
							}
						},
						"url": {
							"raw": "localhost:2000/api/admin/687e35cf015f3b7a7f63025c",
							"host": [
								"localhost"
							],
							"port": "2000",
							"path": [
								"api",
								"admin",
								"687e35cf015f3b7a7f63025c"
							]
						}
					},
					"response": []
				},
				{
					"name": "delete",
					"request": {
						"method": "DELETE",
						"header": [],
						"body": {
							"mode": "raw",
							"raw": "{\n    \"userName\":\"Suxrob\"\n}"
						},
						"url": {
							"raw": "localhost:2000/api/admin/687e35cf015f3b7a7f63025c",
							"host": [
								"localhost"
							],
							"port": "2000",
							"path": [
								"api",
								"admin",
								"687e35cf015f3b7a7f63025c"
							]
						}
					},
					"response": []
				}
			]
		}
	]
}